_ir _ir ta _dans _la _mythologie _égyptienne , _ir ta _celui _qui _fait _la _terre _est _le _dieu _qui _créa _les _huit _divinités _de _l'ogdoade _d'herm opolis _adaptée _à _la _cosmogonie _thébaine . _dans _cette _cosmogonie , _ir ta _est _luimême _engendré _par _kem ate f , _le _serpent _primordial . _institut _français _de _l'environnement _créé _en _@ _@ _@ _@ _, _l'institut _français _de _l'environnement _if en _était _un _organisme _du _ministère _de _l'écologie _hab ilité _à _produire _des _évaluations _sur _l'environnement . _il _est _remplacé _depuis _@ _@ _@ _@ _ _par _le _service _de _la _donnée _et _des _études _statistiques _s des _rattaché _au _commissariat _général _au _développement _durable _cg dd _du _même _ministère _de _l'écologie . _l'if en _était _aussi _le _référent _et _correspondant _en _france _de _l'agence _européenne _pour _l'environnement , _notamment _chargée _de _l'évaluation _et _de _l'observation _de _l'environnement _en _europe . _histoire . _l'institut _français _de _l'environnement _if en _a _été _créé _par _le _décret _@ _@ _@ _@ _@ _@ _ _du _sous _forme _d'un _établissement _public _à _caractère _administratif _e pa _sous _tutelle _du _ministère _de _l'écologie , _implanté _à _orléans . _au _, _l'if en _a _été _transformé _en _un _service _à _compétence _nationale _sc n _rattaché _directement _au _ministre _de _l’écologie _et _du _développement _durable , _par _le _décret _@ _@ _@ _@ _@ _@ _@ _ _du _.
_l'établissement _public _national _dénommé _« _institut _français _de _l'environnement _» _voit _son _fonctionnement _modifié _par _l'arrêté _du _relatif _à _l'organisation _et _au _fonctionnement _de _l'institut _français _de _l'environnement . _son _conseil _d'administration _laisse _la _place _à _un _comité _d'orientation _et _son _comité _des _usagers _qui _faisait _une _part _assez _large _à _la _société _civile _est _supprimé . _les _moyens _de _l'if en _après _avoir _augmenté _sous _le _ministère _de _dominique _voynet _sont _restés _très _modestes _au _regard _de _ses _missions _@ _@ _ _agents . _la _modification _de _son _statut _a _compliqué _les _conditions _d'exécution _de _ses _missions . _le _cod or _comité _d'orientation , _qui _devait _avoir _pour _rôle _de _définir _le _programme _de _travail _de _l'if en , _n'a _jamais _été _nommé . _l'if en _a _finalement _été _supprimé _sous _cette _dénomination _par _le _décret _@ _@ _@ _@ _@ _@ _@ _@ _ _du _, _qui _a _fusionné _trois _services _: _l'if en , _le _service _statistique _de _l'équipement _et _le _service _statistique _de _l'énergie . _les _missions _de _l'if n _sont _redistribu ées _au _commissariat _général _au _développement _durable _et _au _service _de _la _donnée _et _des _études _statistiques _du _ministère . _le _commissariat _général _au _développement _durable _conserve _toutefois _un _« _bureau _de _proximité _» _à _orléans _dans _les _locaux _de _l'ex if en . _l'union _fédérale _des _consommateurs — que _choisir _regrette _cette _décision _qui _sous _couvert _de _« _réorganisation _et _ration alisation _» _a _pour _résultat _de _placer _« _les _statistiques _et _l'observation _de _l'environnement _... _sous _le _contrôle _du _ministre _». _l'association _conclut _que _« _les _données _qui _fâ chent , _celles _qui _mettent _en _évidence _l'échec _des _politiques _menées , _et _elles _sont _nombreuses _en _matière _de _lutte _contre _les _pollutions , _risquent _fort _de _rester _sous _le _bois se au _». _missions . _l'if en _collec tait _des _données _environnementales _ou _d'intérêt _environnemental , _dont _les _risques _naturels _et _technologiques , _afin _de _les _traiter _et _de _les _délivrer _sous _forme _d'une _information _fiable _concernant _l'environnement _et _utile _pour _les _aménage urs _et _citoyens . _cette _fonction _d'animation _et _d'organisation _s'ex erç ait _visàvis _du _réseau _des _principaux _producteurs _et _utilisateurs _de _l'information _environnementale . _il _particip ait _à _l'élaboration _et _à _l'administration _des _éléments _nécessaires _à _la _constitution _de _l'information _environnementale _et _devait _réaliser _à _date _régulière _tous _les _@ _ _ans _un _rapport _sur _l'état _de _l'environnement _en _france . _il _réalisait _des _études _tendant _à _améliorer _la _connaissance _de _l'état _de _l'environnement _et _de _son _évolution , _notamment _par _l'élaboration _d'indic ateurs , _de _modèles _de _prévision _et _d'analys es _ou _contribu ait _à _leur _réalisation . _il _particip ait _à _l’élaboration _et _à _la _mise _en _œuvre _de _programmes _nationaux , _européens _et _internationaux _d’observ ation _et _de _surveillance . _il _développ ait _et _harmon isait _les _méthodes _aff érentes _au _traitement _des _données , _à _la _construction _des _statistiques , _à _la _syn ergie _entre _la _statistique _et _l'information _géographique , _à _l'élaboration _et _la _production _des _indicateurs _environnementaux _et _d'indic ateurs _de _développement _durable _dans _les _domaines _de _compétences _du _ministère _chargé _de _l'environnement . _il _avait _créé _un _observatoire _et _réseau _métiers _et _emplois _de _l'environnement _or me _et _un _observatoire _des _pratiques _et _représentations _sociales _de _l'environnement _op res e . _il _avait , _entre _autres , _le _rôle _de _service _statistique _du _ministère _chargé _de _l'environnement _au _sens _de _la _loi _du _.
_il _était _le _point _f ocal _de _l'agence _européenne _pour _l'environnement _située _à _copenhague . _publications . _l'if en _produisait _des _documents _de _quatre _pages _sur _différents _sujets _environnementaux _et _les _rapports _sur _l'état _de _l'environnement _ree _en _@ _@ _@ _@ _, _@ _@ _@ _@ _, _@ _@ _@ _@ _ _@ _@ _@ _@ _et   . _le _s des _a _publié _les _rapports _pour _les _années _@ _@ _@ _@ _ _et _@ _@ _@ _@ _.
_il _a _inauguré _une _série _sur _les _cahiers _de _l'environnement _régional _qui _ont _été _consacrés _à _la _lorraine , _au _centre , _au _nordpas de _cal ais _et _au _languedocroussillon _avec _le _concours _des _directions _régionales _de _l'environnement _dir en . _l'if en _produisait _également _des _publications _sur _les _indicateurs _d'environnement _agriculture environnement , _tourisme environnement , _aménagement _du _territoire _et _environnement _et _de _développement _durable _@ _@ _ _indicateurs _de _développement _durable _pour _la _france . _consultations . _le _site _du _service _statistique _du _ministère _de _la _transition _écologique _et _solidaire _s des _a _enregistré _et _vues _en _@ _@ _@ _@ _.
_io _lune _io , _ou _jupiter _, _est _un _satellite _naturel _de _jupiter . _plus _spécifiquement , _il _s'agit _de _la _troisième _plus _grande _lune _gal ilé enne _et _celle _ayant _l'orbite _la _plus _proche _de _la _planète _jupiter , _possédant _un _de mig rand _axe _de _et _une _période _de _révolution _d'environ _.
_par _ailleurs , _elle _est _la _quatrième _plus _grande _lune _du _système _solaire , _la _plus _dense _d'entre _elles _et _l'objet _astronomique _connu _contenant _la _plus _faible _quantité _d'eau . _avec _plus _de _actifs , _io _est _l'objet _le _plus _géologiquement _actif _du _système _solaire . _cette _activité _géologique _extrême _est _le _résultat _d'un _réchauffement _par _effet _de _marée _dû _au _frottement _engendré _à _l'intérieur _de _la _lune _par _ses _interactions _gravitation nelles _avec _jupiter _et _les _autres _satellites _gal ilé ens _.
_ces _volcans _produisent _des _pan aches _de _soufre _et _de _dioxyde _de _soufre _qui _s'élèvent _à _plusieurs _centaines _de _kilomètres _audessus _de _la _surface _puis _recouvrent _les _vastes _plaines _de _la _lune _d'une _couche _g iv rée _de _matériaux . _les _pan aches , _associés _aux _coulées _de _lave _pouvant _s'étendre _sur _plus _de _de _longueur , _produisent _de _grands _changements _de _surface _et _la _pe ignent _dans _diverses _nuances _de _jaune , _rouge , _blanc , _noir _et _vert . _les _matériaux _produits _par _ce _volcanisme _constituent _d'une _part _l'atmosphère _mince _et _inégale _de _io , _et _produisent _d'autre _part _un _grand _t ore _de _plasma _autour _de _jupiter _du _fait _de _leur _interaction _avec _la _magné t osphère _de _la _planète . _cette _surface _est _également _parsemée _de _plus _de _qui _sont _soulevées _par _des _phénomènes _tectoniques _à _la _base _de _la _croûte _de _sil ic ate . _certains _de _ces _sommets _sont _plus _hauts _que _le _mont _ever est , _bien _que _le _rayon _de _io _soit _plus _petit _que _celui _de _la _terre _et _environ _égal _à _celui _de _la _lune . _contrairement _à _la _plupart _des _lun es _du _système _solaire _externe , _qui _sont _notamment _composées _de _glace _d'eau , _io _est _composée _de _roche _de _sil ic ate _entourant _un _noyau _de _fer _fondu _ou _de _py rite . _aux _, _io _joue _un _rôle _important _dans _le _développement _de _l'astronomie . _observée _pour _la _première _fois _en _par _galilée _avec _les _autres _satellites _gal ilé ens , _cette _découverte _favorise _par _exemple _l'adoption _du _modèle _cop er ni cien _du _système _solaire . _c'est _l'astronome _simon _marius , _affirmant _avoir _découvert _l'astre _avant _galilée , _qui _la _nomme _ainsi , _d'après _le _personnage _de _la _mythologie _grecque _io , _une _prêtresse _d'h éra _et _am ante _de _zeus . _à _la _fin _du _, _il _devient _enfin _possible _de _résoudre _ses _caractéristiques _de _surface , _telles _que _ses _régions _pol aires _rouge _fon cé _et _celles _équatori ales _brillantes . _en _@ _@ _@ _@ _, _les _sondes _spatiales _du _programme _voyager _révèlent _son _activité _géologique _et _les _caractéristiques _de _sa _jeune _surface _sans _cra tères _d'impact . _ensuite , _galileo _effectue _plusieurs _surv ols _rappro chés _dans _les _années _@ _@ _@ _@ _ _et _au _début _des _années _@ _@ _@ _@ _, _obtenant _des _données _sur _sa _structure _interne , _la _composition _de _sa _surface _et _son _influence _sur _la _magné t osphère _de _jupiter . _depuis , _d'autres _observations _sont _faites _par _les _sondes _cassini h uy gens , _new _horizons _et _jun o , _ainsi _que _depuis _la _terre _via _des _télescopes _au _sol _ou _le _télescope _spatial _hub ble . _orbite _et _rotation . _le _de mig rand _axe _de _l'orbite _de _io _autour _de _jupiter _est _de _par _rapport _au _centre _de _la _planète . _cette _orbite _se _situe _entre _celles _de _thé bé _et _d'europe _; _io _est _le _le _plus _proche _de _jupiter _et _la _plus _interne _des _lun es _gal ilé ennes . _sa _période _de _révolution _est _de _.
_io _est _en _résonance _orbitale _@ _@ _: _avec _europe _et _@ _@ _: _avec _gan ym ède _: _quand _europe _parcourt _une _orbite , _io _en _parcourt _deux _; _simil airement , _io _conclut _quatre _orbites _pour _une _seule _de _gan ym ède _.
_cette _résonance _permet _de _maintenir _l'ex cent ric ité _orbitale _de _io _ _et _produit _ainsi _la _principale _source _de _chaleur _pour _son _activité _volcanique . _sans _cette _excent ric ité _forcée , _l'orbite _de _io _deviendrait _plus _circulaire , _conduisant _à _une _activité _géologiquement _très _affaiblie . _comme _les _autres _satellites _gal ilé ens _io _possède _une _rotation _synch rone _: _sa _période _de _révolution _est _la _même _que _sa _période _de _rotation , _impliquant _que _la _lune _garde _toujours _la _même _face _point ée _vers _jupiter . _cette _particularité _permet _de _définir _le _système _des _long itudes _sur _io _: _son _premier _méri dien _et _son _équateur _se _rencontrent _au _point _sub j ov ien . _aussi , _le _côté _de _io _faisant _toujours _face _à _jupiter _est _connu _comme _l'hémisphère _sub j ov ien , _tandis _que _le _côté _qui _fait _toujours _face _à _l'extérieur _est _connu _comme _l'hémisphère _anti j ov ien . _le _côté _de _io _faisant _toujours _face _à _la _direction _dans _laquelle _io _se _déplace _sur _son _orbite _est _appelé _h émisphère _avant , _tandis _que _le _côté _qui _fait _toujours _face _à _la _direction _opposée _est _appelé _h émisphère _arrière . _depuis _la _surface _de _io , _jupiter _soustend rait _un _arc _appro chant _@ _@ _@ _, ° , _faisant _apparaître _jupiter _comme _ayant _environ _la _taille _apparente _de _la _lune _dans _le _ciel _terrestre . _cela _correspond _à _une _surface _apparente _dans _le _ciel _environ _plus _importante . _caractéristiques _physiques . _masse _et _diamètre . _io _est _légèrement _plus _grande _que _la _lune _: _son _rayon _moyen _est _de _et _sa _masse _de _.
_le _satellite _possède _une _forme _d'el lips oïde _de _révolution , _son _plus _grand _axe _étant _dirigé _vers _jupiter , _en _conséquence _de _sa _rotation _sur _luimême . _parmi _les _lun es _gal ilé ennes , _io _est _plus _petite _et _moins _massive _que _gan ym ède _et _call isto , _mais _plus _grande _et _massive _qu' europe . _elle _est _par _ailleurs _la _quatrième _plus _grande _lune _du _système _solaire . _structure _interne . _composée _principalement _de _sil ic ates _et _de _fer , _io _est _plus _proche _par _sa _composition _des _planètes _tell ur iques _que _des _autres _satellites _du _système _solaire _externe , _qui _sont _quant _à _eux _composés _en _majeure _partie _d'un _mélange _de _glace _et _de _sil ic ates . _sa _densité _est _de _, _faisant _de _lui _le _plus _dense _de _tous _les _satellites _naturels _du _système _solaire , _celleci _étant _significativement _plus _élevée _que _celle _des _autres _satellites _gal ilé ens _gan ym ède _et _call isto _notamment , _dont _les _densités _sont _d'environ _ _ou _encore _légèrement _plus _élevée _que _celle _de _la _lune _.
_les _modèles _de _la _masse , _du _rayon _et _des _coefficients _gravitation nels _quadri pol aires _de _io , _calcul és _à _partir _des _mesures _de _voyager _et _de _galileo , _suggèrent _que _son _intérieur _est _différencié _entre _un _noyau _de _fer _ou _de _py rite _et _un _manteau _puis _une _croûte _riches _en _sil ic ates . _le _noyau _métallique _représente _approximativement _@ _@ _ _% _de _la _masse _de _io , _avec _un _rayon _qui _mesure _entre _s'il _est _presque _entièrement _composé _de _fer , _ou _entre _s'il _est _composé _d'un _mélange _de _fer _et _de _soufre . _le _magné t omètre _de _galileo _ne _parvient _pas _à _détecter _un _champ _magnétique _intrinsèque _à _io , _ce _qui _indique _l'absence _de _convection _au _sein _du _noyau _pour _générer _un _champ _par _effet _dynam o . _la _modélisation _de _la _composition _intérieure _de _io _suggère _que _le _manteau _est _constitué _d'au _moins _@ _@ _ _% _de _fors té rite , _et _a _une _composition _en _v rac _analogue _à _celle _de _météor ites _chron di tiques _de _type _l _et _de _type _ll , _avec _une _teneur _plus _élevée _en _fer _par _rapport _au _silicium _que _la _terre _ou _la _lune , _mais _plus _basse _que _mars . _pour _soutenir _le _flux _de _chaleur _observé _sur _io , _@ _@ _ _à _@ _@ _ _% _du _manteau _de _io _pourrait _être _fondu , _bien _que _les _régions _où _un _volcanisme _à _haute _température _est _observé _peuvent _avoir _des _fractions _de _fusion _plus _élevées . _de _plus , _la _ré analyse _des _données _du _magné t omètre _de _galileo _en _@ _@ _@ _@ _ _révèle _la _présence _d'un _champ _magnétique _induit _sur _io , _impliquant _la _présence _d'un _océan _de _mag ma _à _sous _sa _surface . _cette _couche _est _estimée _à _d'épaisseur _et _représenterait _environ _@ _@ _ _% _du _manteau _de _io . _il _est _estimé _que _la _température _dans _l'océan _de _mag ma _atteint _.
_la _lith osphère _de _io , _composée _de _basal te _et _de _soufre _déposés _par _le _volcanisme , _a _une _épaisseur _comprise _entre _@ _@ _ _et _.
_réchauffement _par _effet _de _marée . _contrairement _à _la _terre _et _à _la _lune , _la _principale _source _de _chaleur _interne _de _io _provient _d'un _réchauffement _par _effet _de _marée , _plutôt _que _de _la _désintégration _des _isotopes _radioac tifs . _cet _échau ffement _dépend _de _la _résonance _orbitale _de _io _avec _europe _et _gan ym ède , _de _la _distance _de _io _à _jupiter , _de _son _excent ric ité _orbitale , _de _la _composition _de _son _intérieur _et _de _son _état _physique . _ainsi , _sa _résonance _avec _europe _et _gan ym ède _maintient _l'ex cent ric ité _de _io _et _empêche _les _forces _de _marée _de _rendre _son _orbite _circulaire . _elle _aide _également _à _maintenir _la _distance _de _io _à _jupiter , _sans _quoi _la _formation _de _marées _sur _la _planète _ferait _lentement _s'éloigner _la _lune , _comme _c'est _le _cas _pour _la _lune _visàvis _de _la _terre . _les _forces _de _marée _subies _par _io _sont _environ _plus _fortes _que _celles _que _subit _la _terre _du _fait _de _la _lune . _aussi , _la _différence _verticale _dans _son _ren f lement _de _marée _entre _le _moment _où _io _est _à _l'ap o ap side _et _au _péri ap side _de _son _orbite _pourrait _mesurer _jusqu'à _.
_le _frottement _produit _à _l'intérieur _de _io _en _raison _de _cette _traction _variable _crée _un _réchauffement , _faisant _fondre _une _quantité _importante _du _manteau _et _du _noyau _de _io . _la _quantité _d'énergie _produite _est _jusqu'à _supérieure _à _celle _produite _uniquement _à _partir _de _la _désintégration _radioactive . _cette _chaleur _est _libérée _sous _forme _d'activité _volcanique , _générant _l'imp ortant _flux _thermique _observé _de _@ _@ _, _à _.
_les _modèles _de _son _orbite _suggèrent _que _la _quantité _de _réchauffement _de _marée _dans _io _évolu erait _avec _le _temps . _bien _qu'il _y _ait _un _consensus _scientifique _sur _le _fait _que _les _nombreux _volcans _de _la _lune _soient _une _conséquence _de _cet _échau ffement _par _effet _de _marée , _ceuxci _ne _se _situent _cependant _pas _aux _positions _prévues _par _ce _modèle . _en _effet , _ils _sont _décal és _de _@ _@ _ _à _vers _l'est . _en _@ _@ _@ _@ _, _une _étude _suggère _que _ce _déplacement _vers _l'est _pourrait _être _causé _par _l'océan _de _mag ma _sous _la _surface _qui _génére rait _une _chaleur _supplémentaire _par _fri ction _en _raison _de _sa _visc osité . _d'autres _satellites _naturels _du _système _solaire _subissent _des _réchau ffe ments _similaires . _cette _capacité _à _générer _de _la _chaleur _dans _un _océan _souterrain _augmente _les _chances _de _vie _sur _des _corps _comme _europe _ou _encore _enc el ade , _une _lune _de _saturne . _géographie . _surface . _du _fait _des _surfaces _connues _de _la _lune , _de _mars _et _de _mercure , _les _scientifiques _s'attend aient _à _observer _de _nombreux _cra tères _d'impact _sur _les _premières _images _de _io _par _voyager _@ _ _en _@ _@ _@ _@ _, _leur _densité _d'apparition _sur _la _surface _de _la _lune _aurait _alors _fourni _des _indices _sur _son _âge . _cependant , _les _images _renv oyées _par _la _sonde _spatiale _montrent _une _surface _presque _complètement _dépourvue _de _cra tères _d'impact . _celleci _est _plutôt _recouverte _de _plaines _lisses _parse mées _de _hautes _montagnes , _de _fosses _de _différentes _formes _et _tailles , _ainsi _que _de _coulées _de _lave . _voyager _@ _ _observe _par _ailleurs _au _moins _neuf _volcans _actifs _lors _de _son _survol . _contrairement _à _la _plupart _des _objets _célestes _observés , _la _surface _de _io _est _recouverte _d'une _variété _de _matériaux _color és _à _partir _de _divers _composés _sulfure ux , _ce _nu anci er _de _couleur _amenant _parfois _la _lune _à _être _comparée _à _une _orange _pour rie _ou _à _une _pizza . _l'absence _de _cra tères _d'impact _indique _que _la _surface _de _io _est _géologiquement _jeune _: _comme _pour _la _surface _terrestre , _les _matériaux _volcaniques _enfou issent _continuellement _les _cra tères _au _fur _et _à _mesure _de _leur _apparition . _en _conséquence , _l'âge _de _sa _surface _serait _en _moyenne _inférieur _à _un _million _d'années . _l'apparence _colorée _de _io _est _le _résultat _de _matériaux _déposés _par _son _volcanisme _extensif , _notamment _des _sil ic ates _tels _que _du _py ro x ène , _du _soufre _et _du _dioxyde _de _soufre . _le _gel _de _dioxyde _de _soufre _est _omniprésent _sur _la _surface _de _io , _formant _de _grandes _régions _couvertes _de _matériaux _blancs _ou _gris . _le _soufre , _quant _à _lui , _forme _des _régions _jaunes _à _jaune vert . _déposé _dans _les _régions _des _latitudes _moyennes _et _pol aires , _le _soufre _est _souvent _endommagé _par _le _rayonnement , _br isant _le _cycl o oc tas ou fre _normalement _stable . _cela _a _pour _conséquence _de _produire _la _teinte _rouge br une _des _régions _pol aires _de _io , _déjà _observée _depuis _la _fin _du _.
_le _volcanisme _explosif _de _io , _prenant _souvent _la _forme _de _pan aches _en _forme _de _parap lu ie , _peint _la _surface _avec _des _matériaux _sulfure ux _et _sil ic at és . _les _dépôts _de _panache _sur _io _sont _souvent _color és _en _rouge _ou _en _blanc _selon _la _quantité _de _soufre _et _de _dioxyde _de _soufre _dans _le _panache . _en _règle _générale , _les _pan aches _formés _à _partir _de _la _lave _dég az ée _contiennent _une _plus _grande _quantité _de _dis ou fre _produisant _un _dépôt _rouge _voire , _dans _les _cas _extrêmes , _un _grand _anneau _rouge _dépassant _souvent _depuis _le _volcan . _un _exemple _proémin ent _d'un _tel _dépôt _de _panache _est _le _très _large _anneau _rouge _situé _autour _du _volcan _pé lé . _ces _dépôts _rouges _sont _principalement _constitués _de _soufre _généralement _du _soufre _moléculaire _à _@ _ _et _, _de _dioxyde _de _soufre _et _peutêtre _de _chlorure _de _sulfur yle . _en _plus _des _volcans , _on _trouve _à _la _surface _de _io _des _montagnes _non vol can iques , _de _nombreux _lacs _de _soufre _fondu , _des _calde i ras _profondes _de _plusieurs _kilomètres _et _des _étendues _d'éc oule ments _de _fluides _de _basse _visc osité _de _centaines _de _kilomètres _de _long , _probablement _composés _d'une _certaine _forme _de _soufre _fondu _ou _de _sil ic ates . _la _cartographie _et _la _haute _densité _de _io _suggèrent _que _io _contient _peu _voire _pas _d'eau , _bien _que _de _petites _po ches _de _glace _d'eau _ou _de _minéraux _hydra tés _soient _provisoirement _identifiés , _notamment _sur _le _flanc _nordouest _du _g ish _bar _mons . _par _ailleurs , _io _est _le _corps _connu _possédant _le _moins _d'eau _du _système _solaire . _la _température _à _la _surface _de _la _lune _varie _de _à _en _fonction _du _moment _de _la _journée , _pour _une _température _moyenne _de _.
_toponymie . _les _caractéristiques _à _la _surface _de _io _obé issent _à _une _nomenclature _stricte _de _la _part _de _l'union _astronomique _internationale . _ainsi , _les _centres _é rup tifs _actifs , _flu ctus _et _pat era e _portent _notamment _le _nom _de _divinités _et _héros _du _feu , _de _la _foudre _et _du _soleil _dans _diverses _myth ologies , _parmi _lesquelles _pé lé _hawaï , _prométhée _et _hé ph aï st os _grèce _antique , _l oki _et _surt _scandinavie , _mar duk _mésopotamie , _mau i _polynésie , _cre id ne _et _cul ann _irlande , _inti _inca _ou _am ater asu _japon . _les _autres _caractéristiques _dont _les _mens ae , _montes , _plan a , _region es , _th oli _et _val les _portent _le _nom _de _lieux _associés _au _mythe _de _io _ou _des _personnages _et _des _lieux _de _la _divine _comédie _de _d ante _alig hier i , _du _fait _de _la _nature _volcanique _de _la _surface . _depuis _que _la _surface _a _été _vue _pour _la _première _fois _de _près _par _voyager _@ _, _l'u ai _reconnaît _pour _les _caractéristiques _de _surface _et _les _grands _alb éd os _de _io . _géologie . _volcanisme . _io _est _surtout _remarquable _pour _son _volcanisme _actif , _caractéristique _qui _autrement _n'a _été _observée _que _sur _la _terre , _tr it on _et _enc el ade . _par _ailleurs , _il _s'agit _de _l'objet _céleste _le _plus _actif _du _système _solaire , _comptant _plus _de _@ _@ _@ _ _centres _volcaniques _actifs _et _de _vastes _coulées _de _lave . _ce _volcanisme _est _une _conséquence _du _réchauffement _par _effet _de _marées _produit _par _l'ex cent ric ité _orbitale _de _io . _lors _d'une _é ruption _majeure , _des _coulées _de _lave _de _plusieurs _dizaines _voire _centaines _de _kilomètres _de _long _peuvent _être _produites , _constituées _principalement _de _la ves _de _sil ic ate _de _basal te _aux _compositions _ma fiques _ou _ultra ma fiques _.
_cette _hypothèse _repose _sur _des _mesures _de _température _des _points _chauds _de _io _qui _suggèrent _des _températures _d'au _moins _et _certaines _aussi _hautes _que _.
_en _tant _que _souspro duit _de _cette _activité , _le _soufre , _le _dioxyde _de _soufre _gazeux _et _la _matière _py ro cl astique _sil ic ate _comme _les _cendres _sont _souff lés _jusqu'à _dans _l'espace _, _produisant _de _grands _pan aches _en _forme _de _parap lu ie , _pe ignant _le _terrain _environnant _en _rouge _à _partir _du _soufre _à _chaîne _courte _et _noirs _à _partir _des _py ro cl astiques _de _sil ic ate , _et _fournissant _de _la _matière _pour _l'atmosphère _inégale _de _io _et _la _vaste _magné t osphère _de _jupiter . _les _matériaux _supplémentaires _qui _pourraient _être _trouvés _dans _ces _pan aches _volcaniques _comprennent _le _sodium , _le _potassium _et _le _chlore . _les _plus _grands _pan aches _de _io , _tels _que _ceux _émis _par _pé lé , _sont _créés _lorsque _du _soufre _dissous _et _du _dioxyde _de _soufre _gazeux _sont _libérés _par _le _mag ma _en _é ruption _dans _les _cra tères _volcaniques _ou _les _lacs _de _lave , _entraînant _souvent _avec _eux _des _matériaux _py ro cl astiques _de _sil ic ate . _un _autre _type _de _panache _est _produit _lorsque _des _coulées _de _lave _vap or isent _le _gel _de _dioxyde _de _soufre , _relâ chant _du _soufre . _ce _type _de _panache _forme _souvent _des _dépôts _circulaires _blancs _et _brill ants _constitués _de _dioxyde _de _soufre , _comme _autour _du _volcan _mas ubi . _la _surface _de _io _est _parsemée _de _dépressions _volcaniques _appelées _pat era e _qui _ont _généralement _des _sols _plats _délimités _par _des _parois _abrup tes . _ces _caractéristiques _ressemblent _à _des _calde i ras _terrestres , _mais _il _n'est _pas _certain _que _leur _mécanisme _de _production _soit _par _le _biais _d'eff ondrement _audessus _d'une _chambre _de _lave _vi dée , _comme _c'est _le _cas _sur _terre . _une _hypothèse _suggère _que _ces _caractéristiques _soient _produites _par _l'ex humation _de _sill s _volcaniques , _et _que _le _matériau _sus jac ent _est _soit _é jec té , _soit _intégré _au _sill . _des _exemples _de _pat era e _à _divers _stades _d'ex humation _sont _cartographi és _à _l'aide _d'images _galileo _de _la _région _de _cha acc ama x t li . _contrairement _à _des _caractéristiques _similaires _sur _terre _et _mars , _ces _dépressions _ne _se _trouvent _généralement _pas _au _sommet _des _volcans _boucliers _et _sont _normalement _plus _grandes , _avec _un _diamètre _moyen _de _, _le _plus _grand _étant _l oki _pat era _avec _un _diamètre _de _.
_ce _dernier _est _également _le _volcan _le _plus _puissant _de _io , _contribuant _en _moyenne _à _@ _@ _ _% _de _la _production _de _chaleur _globale _de _io , _altern ant _des _périodes _d'activités _et _d'in activité _d'environ _@ _@ _@ _ _jours _chacune . _quel _que _soit _le _mécanisme _de _formation , _les _morphologie _et _distributions _de _nombreuses _pat era e _suggèrent _que _ces _caractéristiques _sont _structurelle ment _contrôlées , _avec _au _moins _la _moitié _délimité es _par _des _failles _ou _des _montagnes . _ces _caractéristiques _sont _souvent _le _site _d' ér up tions _volcaniques , _soit _des _coulées _de _lave _se _répand ant _sur _les _plan chers _des _pat era e _, _soit _sous _la _forme _de _lacs _de _lave . _les _lacs _de _lave _sur _io _ont _soit _une _croûte _de _lave _se _retournant _continuellement , _comme _le _volcan _pé lé , _soit _une _croûte _se _retournant _de _manière _épisodique , _comme _pour _l oki . _les _coulées _de _lave _représentent _un _autre _terrain _volcanique _majeur _sur _io . _le _mag ma _é rup te _depuis _les _cra tères _des _pat era e _ou _à _partir _de _fissures _dans _les _plaines , _produisant _des _coulées _de _lave _similaires _à _celles _observées _sur _le _kil au ea _à _hawaï . _les _images _de _la _sonde _galileo _révèlent _que _bon _nombre _des _principales _coulées _de _lave _de _io , _comme _celles _de _prométhée _et _d'am ir ani , _sont _produites _par _l'accumulation _de _petites _pouss ées _de _coulées _de _lave _audessus _des _coulées _plus _anciennes . _de _larges _éruptions _sont _également _observées _sur _io . _par _exemple , _le _bord _d'attaque _du _flux _de _prométhée _s'est _déplacé _de _@ _@ _ _à _entre _voyager _@ _ _en _@ _@ _@ _@ _ _et _les _premières _observations _de _galileo _en _@ _@ _@ _@ _.
_aussi , _les _éruptions _volcaniques _sont _très _change antes _: _durant _les _quatre _mois _séparant _l'arrivée _des _sondes _voyager _@ _ _et _@ _, _certaines _d'entre _elles _se _sont _arrêtées _et _d'autres _ont _commencé . _montagnes . _io _possède _de _@ _@ _@ _ _à _.
_ces _structures _font _en _moyenne _de _hauteur _et _atteignent _un _maximum _de _au _sud _des _bo ös aule _montes _.
_ces _montagnes _sont _étendues _et _isolées , _ne _présentant _pas _de _motifs _tectoniques _glob aux _appar ents , _contrairement _à _celles _sur _terre . _pour _soutenir _leur _grande _taille , _elles _doivent _être _principalement _composées _de _roche _sil ic at ée _et _non _de _soufre . _même _si _le _volcanisme _étendu _donne _à _io _son _apparence _distinc tive , _presque _toutes _ses _montagnes _sont _des _structures _tectoniques _et _ne _sont _pas _produites _par _les _volcans . _au _lieu _de _cela , _la _plupart _des _montagnes _ion iennes _se _forment _à _la _suite _de _contraintes _de _compression _à _la _base _de _la _lith osphère , _qui _soulèvent _et _inclin ent _des _morceaux _de _la _croûte _de _io _par _chevau chement . _les _contraintes _de _compression _conduisant _à _la _formation _des _montagnes _sont _le _résultat _de _la _sub sid ence _due _à _l'en fou issement _continu _de _matériaux _volcaniques . _la _répartition _des _montagnes _sur _la _lune _semble _être _opposée _à _celle _des _structures _volcaniques _: _les _montagnes _dominent _les _zones _avec _moins _de _volcans _et _inversement . _cela _suggère _l'existence _de _grandes _régions _dans _la _lith osphère _où _la _compression _et _l'extension _dominent _respectivement . _localement , _cependant , _les _montagnes _et _les _pat era e _sont _souvent _contiguë s , _suggérant _que _le _mag ma _remplit _les _failles _formées _lors _de _la _formation _des _montagnes _pour _atteindre _la _surface . _les _structures _s'élevant _audessus _des _plaines _de _io _présentent _une _variété _de _morph ologies . _les _plateaux _restent _les _plus _courants , _ressemblent _à _de _grandes _mes as _possédant _un _sommet _plat . _d'autres _montagnes _semblent _être _des _blocs _cr ust aux _inclin és _, _avec _une _pente _faible _par _rapport _à _la _surface _autrefois _plate _et _une _pente _r aide _constituée _de _matériaux _autrefois _souter rains _soulevés _par _des _contraintes _de _compression . _ces _deux _types _de _montagnes _présentent _souvent _des _escar pe ments _abrup ts _le _long _d'un _ou _plusieurs _versants . _seules _quelques _montagnes _sur _io _semblent _avoir _une _origine _volcanique . _elles _ressemblent _à _de _petits _volcans _boucliers , _avec _des _pentes _abrup tes _près _d'une _petite _calde ira _centrale _et _des _pentes _faibles _le _long _de _leurs _versants . _ces _montagnes _volcaniques _sont _souvent _plus _petites _que _la _moyenne _des _montagnes _sur _la _lune , _mesurant _en _moyenne _seulement _@ _ _à _en _hauteur _et _@ _@ _ _à _de _largeur . _presque _toutes _les _montagnes _semblent _être _à _un _stade _avancé _de _dégradation . _de _grands _dépôts _de _glissements _de _terrain _sont _courants _à _la _base _des _montagnes _ion iennes , _ce _qui _suggère _que _l'instabilité _grav itaire _est _la _principale _forme _de _dégradation . _les _marges _fest onnées _sont _également _communes _parmi _les _mes as _et _les _plateaux _de _io , _probablement _causé _par _la _remontée _de _dioxyde _de _soufre _depuis _la _croûte _de _io _et _produisant _des _zones _de _faiblesse _le _long _des _bords _des _montagnes . _atmosphère . _composition . _io _possède _une _atmosphère _extrêmement _mince _composée _principalement _de _dioxyde _de _soufre _, _avec _des _constituants _mineurs _tels _que _le _monoxyde _de _soufre _, _le _chlorure _de _sodium _ainsi _que _le _soufre _et _l'oxygène _atomiques . _ces _gaz _sont _produits _majoritairement _par _le _volcanisme _actif _de _la _lune _via _dég az age _direct _ou _par _phot olyse _causée _par _le _rayonnement _ultraviole t _solaire _sur _le _produisant _des _c ations _soufre _et _oxy gène _: _s , _o , _s _et _o . _une _pulvér isation _cathodique _de _dépôts _de _surface _par _des _particules _chargées _de _la _magné t osphère _de _jupiter _se _produit _également . _l'atmosphère _est _tén ue _du _fait _de _la _gravité _trop _faible _de _la _lune _pour _retenir _une _atmosphère _plus _dense , _son _épaisseur _atteignant _tout _de _même _à _son _maximum . _à _la _différence _des _autres _satellites _gal ilé ens , _io _ne _possède _que _peu _ou _pas _d'eau _dans _son _atmosphère _et _est _même _l'objet _connu _du _système _solaire _possédant _le _moins _d'eau . _cela _est _probablement _une _conséquence _du _fait _qu'au _début _de _l'évolution _du _système _solaire , _jupiter _était _assez _chaude _pour _chasser _les _éléments _volati ls _à _proximité _de _io _mais _pas _assez _chaude _pour _faire _de _même _avec _ses _autres _lun es . _structure . _l'atmosphère _de _io _présente _des _variations _importantes _de _densité _et _de _température _en _fonction _de _l'heure _de _la _journée , _de _la _latitude , _de _l'activité _volcanique _et _de _l'abondance _du _gel _en _surface . _la _pression _atmosphérique _maximale _sur _io _se _situe _entre _et _pa _ou _@ _@ _, _à _, _obtenue _sur _l'hémisphère _le _long _de _l'équateur _de _l'hémisphère _anti j ov ien _et _en _début _d'après midi , _lorsque _la _température _du _gel _de _surface _culmine . _des _pics _localisés _au _niveau _des _pan aches _volcaniques _sont _également _observés , _avec _des _pressions _de _à _@ _ _à _.
_la _pression _atmosphérique _de _io _est _la _plus _basse _du _côté _nocturne _de _io , _où _la _pression _chute _entre _et _@ _@ _@ _@ _@ _, _à _.
_la _température _atmosphérique _de _io _augmente _depuis _la _température _de _la _surface , _où _le _dioxyde _de _soufre _est _en _équilibre _avec _le _gel _de _surface _avec _une _température _moyenne _de _, _jusqu'à _à _des _altitudes _plus _élevées _où , _grâce _à _sa _densité _plus _faible , _l'atmosphère _est _chauff ée _par _le _t ore _de _plasma , _un _anneau _de _particules _ion isées _qui _partage _l'orbite _de _io _et _qui _coo or bite _avec _la _magné t osphère _de _jupiter . _le _gaz _dans _l'atmosphère _de _io _est _emporté _par _la _magné t osphère _de _jupiter , _s'éch app ant _soit _vers _le _nuage _neutre _qui _entoure _io , _soit _vers _son _t ore _de _plasma . _environ _une _tonne _de _gaz _est _retirée _de _l'atmosphère _par _ce _mécanisme _chaque _seconde , _nécessitant _qu'elle _soit _constamment _reconstituée . _les _pan aches _volcaniques _sont _les _principales _sources _de _nouvellement , _envoyant _de _dioxyde _de _soufre _dans _l'atmosphère _de _io _en _moyenne _par _seconde , _bien _que _la _plupart _se _condense _à _la _surface . _une _autre _partie _est _obtenue _par _la _sublimation _du _présent _sous _forme _de _glace _à _la _surface _de _la _lune _par _le _chauffage _dû _aux _rayonnements _solaires . _en _conséquence , _l'atmosphère _du _côté _jour _est _en _grande _partie _conf inée _à _moins _de _@ _@ _° _de _l'équateur , _où _la _surface _est _la _plus _chaude _et _où _résident _les _pan aches _volcaniques _les _plus _actifs . _une _atmosphère _axée _sur _la _sublimation _est _également _cohérente _avec _les _observations _selon _lesquelles _l'atmosphère _de _io _est _la _plus _dense _sur _l'hémisphère _anti j ov ien , _où _le _solide _est _le _plus _abondant _et _le _plus _dense _lorsque _io _est _plus _proche _du _soleil . _impact _des _éclips es _j ov iennes . _parce _que _la _densité _du _dioxyde _de _soufre _dans _l'atmosphère _est _directement _liée _à _la _température _de _surface , _celleci _diminue _substanti ellement _la _nuit _ou _lorsque _io _est _dans _l'ombre _de _jupiter , _provoquant _dans _le _second _cas _une _baisse _d'environ _@ _@ _ _% _de _la _densité _de _colonne . _l'effondrement _pendant _l'éclipse _est _quelque _peu _limité _par _la _formation _d'une _couche _de _diffusion _de _monoxyde _de _soufre _so _dans _la _partie _la _plus _basse _de _l'atmosphère , _mais _la _pression _atmosphérique _de _l'atmosphère _nocturne _de _io _est _inférieure _de _deux _à _quatre _ordres _de _grandeur _de _celle _à _son _maximum _lorsque _ensoleillée . _il _est _supposé _que _l'atmosphère _de _io _se _fig e _à _la _surface _lorsqu'elle _passe _dans _l'ombre _de _jupiter . _la _preuve _en _est _un _, _où _la _lune _apparaît _parfois _un _peu _plus _brillante , _comme _si _elle _était _couverte _de _g ivre _immédiatement _après _l'éclipse . _après _environ _, _la _luminosité _revient _à _la _normale , _probablement _parce _que _le _g ivre _a _alors _disparu _par _sublimation . _en _plus _d'être _visible _par _des _télescopes _au _sol , _un _éclair cissement _posté cli p se _est _trouvé _dans _des _longueurs _d'onde _proche _infrarouge _lors _de _la _mission _cassini . _un _soutien _supplémentaire _à _cette _idée _vient _en _@ _@ _@ _@ _ _lorsque _l'observatoire _gemini _mesure _directement _l'effondrement _de _la _quantité _de _dioxyde _de _soufre _dans _l'atmosphère _pendant _une _éc li pe _de _jupiter , _puis _sa _re formation _après . _les _images _haute _résolution _de _io _acquises _lorsqu'elle _subit _une _éclipse _révèlent _une _l ueur _semblable _à _une _aur ore _polaire . _comme _sur _terre , _cela _est _dû _au _rayonnement _des _particules _frappant _l'atmosphère , _bien _que _dans _ce _cas _les _particules _chargées _proviennent _du _champ _magnétique _de _jupiter _plutôt _que _du _vent _solaire . _les _aur ores _se _produisent _généralement _près _des _pôles _magnétiques _des _planètes , _mais _celles _de _io _sont _les _plus _brillantes _près _de _son _équateur . _io _ne _possède _pas _de _champ _magnétique _intrinsèque _propre _; _par _conséquent , _les _électrons _voyage ant _le _long _du _champ _magnétique _de _jupiter _près _de _io _ont _un _impact _direct _sur _l'atmosphère _de _io . _les _électrons _entrent _en _collision _avec _son _atmosphère , _produisant _les _aur ores _les _plus _brillantes _là _où _les _lignes _de _champ _sont _tang entes _à _ion _.
_on _observe _que _les _aur ores _associées _à _ces _points _tang ents _sur _io _bascul ent _avec _le _changement _d'orientation _du _di p ôle _magnétique _incl iné _du _champ _de _jupiter . _interaction _avec _la _magné t osphère _j ov ienne . _io _joue _un _rôle _important _dans _la _formation _de _la _magné t osphère _de _jupiter , _la _lune _traversant _les _lignes _du _champ _magnétique _de _jupiter _et _générant _ainsi _un _courant _électrique _de _l'ordre _du _million _d'amp ères . _bien _que _ce _ne _soit _pas _une _grande _source _d'énergie _comparé _au _réchauffement _par _effet _de _marée , _ce _courant _dissi pe _une _puissance _de _plus _de _avec _un _potentiel _de _.
_la _magné t osphère _de _jupiter _bal aie _les _gaz _et _la _poussière _de _la _mince _atmosphère _de _io _à _un _taux _d'une _tonne _par _seconde . _sans _les _ions _s'éch app ant _de _l'atmosphère _ionienne _par _cette _interaction , _le _champ _magnétique _de _jupiter _serait _deux _fois _plus _faible . _io _orbite _dans _une _ceinture _de _rayonnement _intense _connue _sous _le _nom _de _t ore _de _io _composée _de _plasma _qui _rayonne _intens ément _dans _l'ultra viole t , _le _premier _exemple _découvert _de _t ore _planétaire . _comme _le _reste _du _champ _magnétique _de _jupiter , _le _t ore _de _plasma _est _incl iné _par _rapport _à _l'équateur _de _jupiter _et _au _plan _orbital _de _io , _de _sorte _que _io _est _successivement _en _dessous _et _audessus _du _noyau _du _t ore _de _plasma . _le _plasma _du _t ore _est _en _cor o tation _avec _jupiter , _ce _qui _signifie _qu'ils _tournent _de _façon _synch rone _et _partagent _la _même _période _de _rotation . _autour _de _io , _à _une _distance _allant _jusqu'à _six _rayons _ion n iens _de _sa _surface , _se _trouve _un _nuage _d'atomes _neutres _de _soufre , _d'oxygène , _de _sodium _et _de _potassium . _ces _particules _proviennent _de _la _haute _atmosphère _de _io _et _sont _exc itées _par _des _collis ions _avec _des _ions _dans _le _t ore _plasma _jusqu'à _remplir _la _sphère _de _hill _de _la _lune _.
_certaines _de _ces _particules _échappent _à _l'attraction _gravitationnelle _de _io _et _se _mettent _en _orbite _autour _de _jupiter _: _elles _se _propagent _depuis _io _pour _former _un _nuage _neutre _en _forme _de _banane _qui _peut _atteindre _jusqu'à _six _rayons _j ov iens _depuis _io , _soit _à _l'intérieur _de _l'orbite _de _io _et _devant _elle , _soit _à _l'extérieur _de _l'orbite _de _io _et _derrière _elle . _le _processus _fournit _également _des _ions _sodium _dans _le _t ore _plasma , _ceuxci _étant _ensuite _é ject és _dans _des _jets _s'éloignant _de _la _planète . _par _ailleurs , _le _champ _magnétique _de _jupiter _couple _l'atmosphère _de _io _et _le _nuage _neutre _à _la _haute _atmosphère _polaire _de _jupiter _en _générant _un _courant _électrique _appelé _le _tube _de _flux _de _io . _ce _courant _produit _des _l ue urs _aur or ales _dans _les _régions _pol aires _de _jupiter , _connues _sous _le _nom _d' _, _ainsi _que _des _aur ores _dans _l'atmosphère _de _io . _les _particules _de _cette _interaction _aur orale _ass omb r issent _les _régions _pol aires _j ov iennes _aux _longueurs _d'onde _visibles . _l'empreinte _aur orale _de _io _et _son _emplacement _visàvis _de _la _terre _et _de _jupiter _a _une _forte _influence _sur _l'intensité _des _émissions _d'ondes _radio _j ov iennes _cap tées _sur _terre _: _lorsque _io _est _visible , _les _signaux _radio _reçus _de _jupiter _augmentent _considérablement . _les _lignes _du _champ _magnétique _de _jupiter _qui _dépassent _la _ion osphère _de _io _induisent _également _un _courant _électrique , _qui _à _son _tour _crée _un _champ _magnétique _induit _à _l'intérieur _de _io . _il _est _supposé _que _le _champ _magnétique _induit _de _io _soit _généré _dans _un _océan _de _mag ma _de _sil ic ate _partiellement _fondu _à _sous _la _surface _de _io . _des _champs _induits _similaires _sont _trouvés _sur _les _autres _satellites _gal ilé ens _par _la _sonde _galileo , _générés _quant _à _eux _dans _les _océans _d'eau _liquide _salés _souter rains . _histoire _des _observations . _découverte . _la _première _observation _rapportée _des _satellites _gal ilé ens _est _faite _par _galilée _le _à _l'aide _d'une _lunette _astronomique _ayant _un _grossissement _de _@ _@ _ _à _l'université _de _pad oue . _il _s'agit _des _premiers _satellites _naturels _découverts _en _orbite _autour _d'une _autre _planète _que _la _terre . _cependant , _durant _cette _observation , _galilée _ne _parvient _pas _à _distinguer _io _et _europe _en _raison _de _la _faible _puissance _de _sa _lunette _; _les _deux _sont _donc _enregistrés _comme _un _seul _point _de _lumière _à _cette _occasion . _le _lendemain , _il _les _voit _pour _la _première _fois _comme _des _corps _séparés _: _le _est _donc _considéré _comme _la _date _de _découverte _de _io _par _l'i au . _la _découverte _de _io _et _des _autres _satellites _gal ilé ens _est _publiée _par _l'astronome _dans _son _ouvrage _en _.
_en _@ _@ _@ _@ _, _dans _son _, _simon _marius _prétend _avoir _découvert _ces _objets _fin _@ _@ _@ _@ _, _quelques _semaines _avant _galilée . _ce _dernier _émet _un _doute _sur _cette _affirmation _et _rejette _le _travail _de _marius _comme _du _plagi at . _finalement , _la _paternité _de _la _découverte _de _io _est _attribuée _à _celui _qui _a _publié _en _premier _son _travail , _ce _qui _explique _que _galilée _soit _le _seul _crédité . _en _revanche , _simon _marius _est _le _premier _à _publier _des _tables _astronomiques _des _mouvements _des _satellites _en _@ _@ _@ _@ _.
_appellation . _galilée _décide _en _tant _que _découvreur _de _nommer _ces _satellites _d'après _ses _méc ènes , _la _famille _médicis , _comme _les _.
_cependant , _bien _que _simon _marius _ne _soit _pas _crédité _pour _la _découverte _des _satellites _gal ilé ens , _ce _sont _les _noms _qu'il _leur _a _donnés _qui _restent _dans _la _postérité . _dans _sa _publication _de _@ _@ _@ _@ _, _, _il _propose _plusieurs _noms _alternatifs _pour _la _lune _la _plus _proche _de _jupiter , _y _compris _et _.
_à _partir _d'une _suggestion _de _johannes _ke pler _en _, _il _conçoit _également _un _schéma _de _dénomination _selon _lequel _chaque _lune _est _nommée _d'après _une _am ante _du _dieu _grec _zeus _ou _de _son _équivalent _romain , _jupiter . _il _nomme _ainsi _la _lune _alors _la _plus _intérieure _de _jupiter _d'après _la _figure _mythologique _grecque _io , _une _mortelle _transformée _en _vache _par _la _j alousie _d'h éra . _il _commente _également _: _ces _noms _ne _sont _largement _adoptés _que _des _siècles _plus _tard , _vers _le _milieu _du _.
_dans _une _grande _partie _de _la _littérature _astronomique _antérieure , _io _était _généralement _désigné _par _sa _désignation _numérique _romaine _comme _ou _comme _, _appellation _qui _perd _en _popularité _après _la _découverte _de _satellites _ayant _des _orbites _plus _intérieures _comme _am alth ée . _io , _du _grec _ancien _ ἰ ώ _a _deux _racines _concurrentes _en _latin _: _ ī ō _et _ ī ō n . _cette _dernière _est _la _base _de _la _forme _ad jectiv ale _ion ien . _observations _ultérieures _au _télescope . _pendant _les _deux _siècles _et _demi _suivants , _io _demeure _un _point _lumineux _non _résolu _de _magnitude _@ _ _à _l'opposition _dans _les _télescopes _des _astronomes . _au _cours _du _, _io _et _les _autres _satellites _gal ilé ens _sont _utilisés _de _diverses _façons _: _aider _les _marins _à _déterminer _leur _longitude , _valider _la _troisième _loi _de _ke pler _sur _le _mouvement _des _planètes _ou _encore _déterminer _le _temps _nécessaire _à _la _lumière _pour _voyager _entre _jupiter _et _la _terre . _grâce _à _des _éphéméri des _produits _par _je and omin ique _cassini , _pierres imon _de _la place _crée _une _théorie _mathématique _pour _expliquer _la _résonance _orbitale _de _io , _europe _et _gan ym ède . _cette _résonance _s'est _avérée _plus _tard _avoir _un _effet _profond _sur _les _gé ologies _des _trois _lun es . _les _progrès _des _télescopes _à _la _fin _du _permettent _aux _astronomes _de _résoudre _les _grandes _caractéristiques _de _la _surface _de _io . _dans _les _années _@ _@ _@ _@ _, _edward _e. _bar nard _est _le _premier _à _observer _des _variations _de _la _luminosité _de _io _entre _ses _régions _équatori ales _et _pol aires , _en _dé duisant _correctement _qu'elles _sont _dues _à _des _différences _de _couleur _et _d'al b édo _entre _ces _deux _régions , _et _non _pas _à _une _hypothétique _forme _d'œuf _du _satellite , _comme _cela _était _proposé _par _william _pic ker ing , _ou _bien _deux _objets _distincts , _comme _initialement _pensé _par _bar nard _luimême . _par _la _suite , _les _observations _confirment _la _couleur _brun rouge _des _régions _pol aires _et _la _couleur _jaune blanc _de _la _bande _équatoriale . _en _@ _@ _@ _@ _, _edward _e. _bar nard _estime _le _diamètre _de _io _à _, _son _estimation _étant _inférieure _d'environ _@ _ _% _à _la _valeur _connue _plus _d'un _siècle _plus _tard . _les _observations _télescop iques _du _milieu _du _commencent _à _mettre _en _évidence _la _nature _inhabituelle _de _io . _les _observations _spectroscop iques _suggèrent _que _la _surface _de _io _est _vierge _de _glace _d'eau , _une _substance _pourtant _trouvée _en _grande _quantité _sur _les _autres _satellites _gal ilé ens . _les _mêmes _observations _indiquent _que _la _surface _est _dominée _par _des _sels _de _sodium _et _de _soufre . _les _observations _radioté les cop iques _révèlent _l'influence _de _io _sur _la _magné t osphère _de _jupiter . _à _partir _des _années _@ _@ _@ _@ _, _la _majorité _des _informations _sur _la _lune _sont _obtenues _grâce _à _l'exploration _spatiale . _cependant , _à _la _suite _de _la _destruction _planifiée _de _galileo _dans _l'atmosphère _de _jupiter _en _, _de _nouvelles _observations _du _volcanisme _de _io _viennent _de _télescopes _terrestres . _en _particulier , _l'imagerie _par _optique _adapta tive _du _télescope _k ec k _à _hawaï _et _l'imagerie _du _télescope _spatial _hub ble _permettent _de _surveiller _les _volcans _actifs _de _io , _même _sans _engin _spatial _dans _le _système _j ov ien . _exploration _spatiale . _pion e er . _' _et _' _sont _les _premières _sondes _spatiales _à _atteindre _io , _les _et _respectivement . _leurs _surv ols _et _le _suivi _radio _permettent _de _mieux _estimer _la _masse _et _la _taille _de _io _suggérant _que _le _satellite _possède _la _densité _la _plus _élevée _des _satellites _gal ilé ens _et _est _ainsi _principalement _composé _de _roches _sil ic at ées _plutôt _que _de _glace _d'eau . _les _sondes _pion e er _révèlent _la _présence _d'une _mince _atmosphère _sur _io , _ainsi _qu'une _ceinture _de _rayonnements _intenses _près _de _son _orbite . _la _caméra _de _' _prend _une _seule _image _correcte _de _io , _montrant _sa _région _polaire _nord . _des _prises _d'images _rapprochées _étaient _prévues _pour _le _passage _de _' , _mais _le _fort _rayonnement _entourant _la _lune _a _finalement _provoqué _la _perte _de _ces _observations . _voyager . _quand _les _sondes _jum elles _voyager _@ _ _et _voyager _@ _ _visitent _io _en _@ _@ _@ _@ _, _leur _système _d'imag erie _plus _avancé _permet _d'obtenir _des _images _beaucoup _plus _détaillées . _ _surv ole _io _le _à _de _sa _surface . _les _images _prises _montrent _une _surface _jeune _et _multic olore , _vierge _de _tout _cratère _d'impact _et _ponctuée _de _montagnes _plus _hautes _que _l'e ver est _et _de _zones _ressemblant _à _des _coulées _de _lave . _après _ce _survol , _l'ingénieur _de _navigation _linda _a. _mor abit o _remarque _un _panache _provenant _de _la _surface _sur _l'une _des _images . _l'analyse _des _autres _photographies _met _en _évidence _neuf _pan aches _dispersés _sur _la _surface , _prouvant _l'activité _volcanique _de _io . _cette _conclusion _est _préd ite _peu _avant _l'arrivée _de _' _par _stan _j. _pe ale , _patrick _cass en _et _r. _t . _reyn ol ds _: _ils _calcul ent _que _l'intérieur _du _satellite _doit _être _suffisamment _réchau ff é _par _les _forces _de _marée _du _fait _de _sa _résonance _orbitale _avec _europe _et _gan ym ède . _les _données _du _survol _révèlent _que _la _surface _de _io _est _dominée _par _des _composés _de _soufre _et _de _dioxyde _de _soufre . _ces _composés _prédomin ent _dans _l'atmosphère _et _le _t ore _de _plasma _centré _sur _l'orbite _de _io , _également _découvert _par _' . _ _surv ole _io _le _à _une _distance _de _.
_bien _qu'elle _ne _se _soit _pas _autant _approchée _que _voyager _@ _, _des _comparaisons _entre _les _images _prises _par _les _deux _engins _spatiaux _révèlent _plusieurs _changements _de _surface _survenus _au _cours _des _quatre _mois _d'inter valle _entre _les _surv ols . _une _observation _de _io _sous _forme _de _croissant _par _montre _que _huit _des _neuf _pan aches _observés _en _sont _toujours _actifs _en _juillet , _seul _le _volcan _pé lé _ayant _cessé _son _activité . _galileo . _la _sonde _spatiale _galileo _arrive _dans _le _système _j ov ien _en _@ _@ _@ _@ _ _après _un _trajet _de _six _ans _depuis _la _terre _pour _suivre _les _découvertes _des _deux _sondes _voyager _et _les _observations _au _sol _prises _dans _les _années _intermédiaires . _l'emplacement _de _io _dans _l'une _des _ceint ures _de _rayonnement _les _plus _intenses _de _jupiter _empêche _un _survol _prolongé _du _satellite , _mais _galileo _le _surv ole _rapidement _avant _de _se _placer _en _orbite _autour _de _jupiter _deux _ans , _le _.
_bien _qu'aucune _image _ne _soit _prise _lors _de _ce _survol _rapproché , _la _rencontre _renvoie _des _résultats _significatifs _tels _que _la _découverte _de _son _large _noyau _de _fer , _similaire _à _celui _trouvé _dans _les _planètes _tell ur iques _du _système _solaire _interne . _en _dépit _du _manque _d'imag erie _rapprochée _et _des _problèmes _mécaniques _qui _limitent _considérablement _la _quantité _de _données _renv oyées , _plusieurs _découvertes _importantes _sont _faites _pendant _la _mission _principale _de _galileo . _la _sonde _observe _les _effets _d'une _é ruption _majeure _de _p illan _pat era _et _confirme _que _les _éruptions _volcaniques _sont _composées _de _mag mas _sil ic ates _avec _des _compositions _ma fiques _et _ultra ma fiques _riches _en _magné sium . _du _dioxyde _de _soufre _et _du _soufre _servant _un _rôle _similaire _à _l'eau _et _au _dioxyde _de _carbone _sur _terre . _une _imagerie _distante _de _io _est _acquise _presque _à _chaque _révolution _de _la _sonde _au _cours _de _la _mission _principale , _révélant _un _grand _nombre _de _volcans _actifs _à _la _fois _grâce _aux _émissions _thermiques _du _refroidissement _du _mag ma _à _la _surface _et _aux _pan aches _volcaniques , _de _nombreuses _montagnes _aux _morph ologies _très _variées _et _plusieurs _changements _de _surface _qui _s'étaient _déroul és _à _la _fois _depuis _le _programme _voyager _et _entre _chaque _orbite _de _galileo . _la _mission _galileo _est _prolongée _à _deux _reprises , _en _@ _@ _@ _@ _ _et _@ _@ _@ _@ _.
_au _cours _de _ces _missions _prolong ées , _la _sonde _surv ole _io _trois _fois _fin _@ _@ _@ _@ _ _et _début _@ _@ _@ _@ _ _et _trois _autres _fois _fin _@ _@ _@ _@ _ _et _début _@ _@ _@ _@ _.
_ces _surv ols _révèlent _les _processus _géologiques _se _produisant _sur _les _volcans _et _les _montagnes _de _io , _exclu ent _l'existence _d'un _champ _magnétique _intrinsèque _et _démontrent _l'étendue _de _l'activité _volcanique . _en _, _la _sonde _cassini h uy gens , _en _route _vers _saturne , _observe _conjointement _le _satellite _avec _galileo . _ces _observations _révèlent _un _nouveau _panache _sur _tv ash tar _pat era e _et _fournissent _des _indications _sur _les _aur ores _de _io . _après _la _destruction _de _galileo _dans _l'atmosphère _j ov ienne _en _, _les _nouvelles _observations _du _volcanisme _de _io _proviennent _des _télescopes _terrestres . _en _particulier , _l'optique _adapta tive _du _télescope _k ec k _à _hawaï _et _les _photographies _du _télescope _spatial _hub ble _permettent _de _suivre _l'évolution _des _volcans _du _satellite . _new _horizons . _la _sonde _, _en _route _vers _plut on _et _la _ceinture _de _kui per , _surv ole _le _système _j ov ien _le _.
_au _cours _de _la _rencontre , _de _nombreuses _observations _lointaines _de _io _sont _réalisées . _cellesci _révèlent _un _énorme _panache _sur _tv ash tar _pat era e , _fournissant _les _premières _observations _détaillées _du _plus _grand _panache _volcanique _ion ien _depuis _les _observations _du _panache _de _pé lé _en _@ _@ _@ _@ _.
_photographie _également _un _volcan _dans _les _premiers _stades _d'une _é ruption . _jun o . _la _sonde _jun o _est _lancée _en _@ _@ _@ _@ _ _et _entre _en _orbite _autour _de _jupiter _le _.
_sa _mission _est _principalement _axée _sur _la _récolte _de _données _concernant _l'intérieur _de _la _planète , _son _champ _magnétique , _ses _aur ores _et _de _son _atmosphère _polaire . _l'orbite _de _jun o _est _très _incl inée _et _très _excent rique _afin _de _mieux _observer _les _régions _pol aires _de _jupiter _et _de _limiter _son _exposition _aux _importantes _ceint ures _de _rayonnement _internes _de _la _planète . _cette _orbite _maintient _également _jun o _hors _des _plans _orbitaux _de _io _et _des _autres _grandes _lun es _de _jupiter _en _général . _si _l'étude _d' io _n'est _pas _un _objectif _principal _de _la _mission , _des _données _sont _tout _de _même _collectées _lorsque _le _moment _est _opportun . _l'approche _la _plus _proche _de _jun o _vers _io _se _fait _le _, _à _une _distance _de _, _bien _qu'une _paire _de _surv ols _à _une _altitude _de _soit _prévue _au _début _de _@ _@ _@ _@ _ _dans _le _projet _d'extension _de _mission . _au _cours _de _plusieurs _orbites , _jun o _observe _io _à _distance _à _l'aide _de _jun oc am , _une _caméra _grand _angle _à _lumière _visible _pour _rechercher _des _pan aches _volcaniques , _et _ji ram , _un _spectr omètre _et _un _image ur _dans _le _proche _infrarouge _pour _surveiller _les _émissions _thermiques _des _volcans _de _io . _missions _futures . _plusieurs _missions _sont _prévues _vers _le _système _j ov ien _et _pourraient _fournir _plus _d'observations _de _io . _le _jupiter _ic y _moon _explorer _jui ce _est _une _mission _planifiée _de _l'agence _spatiale _européenne _sur _le _système _j ov ien _qui _devrait _se _placer _sur _l'orbite _de _gan ym ède . _le _lancement _de _jui ce _est _prévu _pour _@ _@ _@ _@ _, _avec _une _arrivée _à _jupiter _estimée _à _.
_jui ce _ne _survol era _pas _io _mais _utilisera _ses _instruments , _tels _qu'une _caméra _à _angle _étroit , _pour _surveiller _l'activité _volcanique _de _io _et _mesurer _sa _composition _de _surface . _europa _cli pper _est _une _mission _prévue _de _la _nasa _vers _le _système _j ov ien , _centrée _quant _à _elle _sur _europe . _comme _jui ce , _europa _cli pper _n' eff ectu era _aucun _survol _de _io , _mais _une _surveillance _des _volcans _à _distance _est _probable . _le _lancement _de _la _sonde _est _prévu _pour _@ _@ _@ _@ _ _avec _une _arrivée _sur _jupiter _à _la _fin _des _années _@ _@ _@ _@ _ _ou _au _début _des _années _@ _@ _@ _@ _ _en _fonction _du _lanceur _choisi . _le _io _volcan o _observer _ivo _est _une _proposition _de _mission _de _la _nasa _dans _le _cadre _du _programme _disco ver y . _mission _de _plus _faible _coût , _son _lancement _se _déroul erait _en _@ _@ _@ _@ _ _ou _@ _@ _@ _@ _.
_la _sonde _serait _centrée _sur _l'étude _de _io _et _effectu erait _dix _surv ols _de _la _lune _depuis _une _orbite _autour _de _jupiter _à _partir _du _début _des _années _@ _@ _@ _@ _.
_dans _la _culture . _faisant _partie _des _lun es _gal ilé ennes , _io _a _toujours _été _un _décor _propice _à _la _sciencefiction _depuis , _entre _autres , _the _mad _moon _@ _@ _@ _@ _ _de _stanley _g. _we in b aum . _du _fait _de _sa _taille _alors _déjà _estimée , _des _spéculations _sont _par _exemple _faites _sur _une _possible _vie _à _sa _surface _dans _la _première _moitié _du _, _comme _dans _le _pulp _magazine _fantas tic _advent ures . _sa _nature _étant _mieux _connue _depuis _diverses _missions _d'exploration _spatiale , _le _décor _décrit _par _les _œuvres _de _sciencefiction _a _évolué . _ainsi , _dans _il ium _@ _@ _@ _@ _, _roman _de _dan _sim mons , _le _tube _de _flux _magnétique _de _io _est _utilisé _pour _hyper ac célérer _des _vaisseaux _spatiaux _dans _tout _le _système _solaire _ou _encore _dans _le _rêve _de _galilée _@ _@ _@ _@ _ _et _@ _@ _@ _@ _ _@ _@ _@ _@ _ _de _kim _stanley _robinson , _elle _est _décrite _comme _un _monde _volcanique _où _la _lave _est _omniprésent e . _au _cinéma , _la _lune _est _notamment _le _décor _principal _de _films _comme _io _@ _@ _@ _@ _ _de _jonathan _hel p ert _ou _out land ... _loin _de _la _terre _@ _@ _@ _@ _ _de _peter _hy am s . _aussi _dans _ _@ _@ _@ _@ _ _le _vaisseau _spatial _disco ver y _one _est _en _orbite _au _point _de _lag range _entre _jupiter _et _io . _du _fait _de _son _apparence _caractéristique , _elle _apparaît _également _dans _des _niveaux _de _jeux _vidéo _tels _que _battle zone _@ _@ _@ _@ _, _halo _@ _@ _@ _@ _, _war fra me _@ _@ _@ _@ _ _ou _encore _destin y _@ _ _@ _@ _@ _@ _.
_toute _l'action _de _@ _@ _@ _@ _ _se _déroule _sur _io , _le _scénario _fantastique _du _jeu _faisant _référence _à _quelques _caractéristiques _réelles _de _cette _lune , _comme _son _activité _volcanique _ou _le _potentiel _minier _théorique _qu'elle _renferme . _instrumental _cas _en _linguistique , _l’instru mental _est _un _cas _grammatical _exprimant _principalement _l'instrument _ac tant _dit _instrument , _le _moyen _par _lequel _s'acc ompl it _l'action . _en _français , _la _valeur _sémantique _instrumentale _s'exprime _généralement _par _la _préposition _avec _: _« _il _peint _avec _un _pinceau _» , _ou _des _locutions _comme _à _l'aide _de , _au _moyen _de . _dans _d'autres _langues , _elle _s'exprime _par _une _désinence _cas uelle . _en _pratique , _dans _de _nombreuses _langues , _les _frontières _morphologiques _et/ou _sémantiques _sont _fl oues _entre _l'instrument al _et _d'autres _cas _ou _concepts _voisins , _comme _le _comitatif _ou _soci atif . _certaines _langues , _dépourvues _de _cas _instrumental _proprement _dit , _utilisent _l'ablatif _comme _en _latin _ou _le _datif _comme _en _grec _ancien . _en _basque . _en _basque , _l'instrument al _se _caractérise _par _le _suffixe _z _az , _ez _: _indéfini _bur uz , _singulier _bur u az , _pluriel _bur uez _; _avec _la _tête _il _est _aussi _appelé _médi atif . _en _espéranto . _en _espéranto , _on _utilise _une _préposition _per , _pere _de ... _ou _une _forme _adver bi ale _: _en _estonien . _en _estonien , _il _se _confond _avec _le _comitatif _suffixe _ga _: _auto _« _voiture _» _→ _auto _« _en _voiture _» _ou _« _avec _la _voiture _». _en _finnois . _en _finnois , _l'instrument al _se _confond _avec _l'ad essif _suffixe _l la / ll ä _: _ve it si _« _couteau _» _→ _ve its ell ä _« _avec _un _couteau _» _ou _« _sur _un _couteau _». _le _finnois _possède _aussi _un _cas _ancien , _l'instru ctif _suff . _in , _qui _ne _connaît _pas _de _différence _entre _singulier _et _pluriel _et _a _produit _des _expressions _maintenant _fig ées : _pal j ain _sil min _« _à _l'œil _nu _». _en _hongrois . _en _hongrois , _le _cas _instrumental _s'exprime _au _moyen _du _suffixe _val / vel , _dont _le _v _s' assi mile _lorsqu'il _est _suivi _d'un _mot _commençant _par _une _autre _consonne . _il _correspond _en _français _à _la _préposition _«  avec   »   : _on _l'utilise _également _avec _certaines _postpositions , _notamment _e gy ü tt _«  en semble   » , _s ze mbe _«  en _face   » , _avec _idée _de _déplacement _et _s ze mb en _«  en _face   » , _«  cont raire ment _à   »   : _le _hongrois _possède _également _un _suffixe _st ul / st ül / ost ul / ast ul / est ül / ö st ül _comme _reliqu at _du _comitatif , _bien _que _pas _considéré _comme _un _cas _d'un _point _de _vue _strictement _syntaxique . _il _conv oie _une _idée _d'accompagnement , _similaire _à _celle _de _l'instrument al , _tout _en _transformant _le _mot _en _adverbe   : _en _lett on . _en _lett on , _le _même _cas _appelé _« _instrument ā lis _» _exprime _l'instrument _proprement _dit _ou _l'accompagnement _sens _comitatif . _le _terme _à _l'instrument al _est _précédé _de _la _préposition _ar _et _prend _la _forme _de _l'accusatif _au _singulier _et _celle _du _datif _au _pluriel _: _en _mongol . _en _mongol _classique , _la _déclinaison _instrumentale _s'applique _notamment _aux _noms _auquel _on _ajoute _le _suffixe _i yer / i yar , _bar / ber , _en _fonction _de _l'harmonie _vocalique _et _pronoms . _en _pand uni a . _le _pand uni a _utilise _la _préposition _sa _pour _introduire _l’instrument . _à _noter _que _dans _cette _langue , _toute _préposition _existe _également _sous _forme _post posée , _dans _ce _cas _su _: _en _polonais . _en _polonais , _l'instrument al _répond _aux _questions _avec _quoi _?
_avec _qui _?
_l'instrument al _est _aussi _utilisé _avec _les _prédic ats , _noms _qui _disent _quelque _chose _du _sujet . _en _russe . _en _russe , _l'instrument al _ т в о р и т е л ь н ы й _ п а д е <UNK> _ _a _ses _formes _propres _: _mais _il _peut _exprimer _plusieurs _sens _différents _: _certaines _prépositions _se _construisent , _soit _systématiquement , _soit _dans _certains _contextes _selon _le _sens _avec _l'instrument al _: _en _sanskrit . _l'instrument al _est _un _des _sept _cas _huit _en _comptant _le _voc atif _du _sanskrit . _il _recouvre _un _large _éventail _de _notions _: _en _turc . _en _turc , _il _existe _un _cas _soci atif _qui _peut _exprimer _l'accompagnement _comme _le _moyen _: _internationale _situation niste _ind yme dia _ind yme dia _ou _im c _pour _independ ent _media _center _est _une _plateforme _américaine _de _médias _alternatifs _qui _supporte _environ _@ _@ _@ _ _médias _internet _autonomes _dans _une _soixantaine _de _pays , _avec _pour _objectif _d'assurer _la _liberté _de _créer _et _de _diffuser _de _l'information , _en _publication _ouverte _avec _une _modé ration _a _posteriori . _la _tonalité _des _informations _se _situe _à _gauche _voire _à _l'extrême _gauche , _toutefois _elle _varie _selon _les _antennes _locales . _ind yme dia _se _réclame _d'un _discours _anti sex iste , _antifasciste _et _antic apitaliste , _avec _une _perspective _militante _parfois _révolutionnaire . _historique . _ind yme dia _a _été _créé _par _divers _organismes _indépendants , _alternatifs _et _militants _pour _couvrir _les _contre man if estations _de _seattle _en _@ _@ _@ _@ _, _lors _de _la _réunion _de _l'om c _et _du _fmi . _le _centre _médias _a _permis _à _des _journalistes _d'échanger _et _d'envoyer _en _temps _réel _des _renseignements , _articles , _photos , _bandes _audio _et _vidéo , _via _son _site _internet . _en _regroupant _l'ensemble _de _ces _organisations , _le _centre _médias _de _seattle _a _produit _une _série _de _cinq _documentaires _transmis _chaque _jour _par _satellite , _dans _tous _les _étatsunis , _à _des _points _d'accès _public . _en _septembre _@ _@ _@ _@ _, _le _serveur _de _londres _est _obligé , _à _la _suite _d'un _accord _de _coopération _policière _entre _le _gouvernement _britannique _et _le _fbi _pourtant _en _dehors _de _sa _juridiction , _de _livrer _aux _services _secrets _américains _le _disque _dur _qui _héberge ait _plusieurs _sites _d'in dy me dia _à _cause _sembletil _de _la _publication _sur _ind yme dia _nantes _de _la _photo _de _deux _membres _de _la _police _secrète _suisse _qui _tent aient _d'in fil trer _une _manifestation _anti mondi aliste . _certains _sites _ont _été _inaccessibles _pendant _plusieurs _jours _et _un _long _travail _de _restauration _de _leurs _archives _a _dû _être _lancé . _en _octobre _@ _@ _@ _@ _, _brad _will , _un _journaliste _d'in dy me dia _new _york , _qui _couvre _la _révolte _de _oaxaca _mexique _est _tué _par _balle _par _des _hommes _qui _ag ira ient _à _la _solde _du _gouverneur _local _ul ises _rui z , _selon _l'assemblée _populaire _des _peuples _de _oaxaca , _information _confirmée _par _le _quotidien _mexicain _la _j orn ada . _fin _, _le _site _lin ks un ten . ind yme dia .org , _considéré _comme _« _la _principale _plateforme _internet _d'extrême _gauche _en _allemagne _» , _est _interdit _par _le _gouvernement . _cette _saisie _semble _directement _liée _aux _manifestations _violentes _en _marge _du _sommet _du _@ _@ _g , _début _juillet , _à _hambourg . _composition . _independ ant _media _center , _ou _ind yme dia , _se _présente _comme _une _plateforme _collective _internet _proposant _actuellement _à _environ _@ _@ _@ _ _médias _installés _dans _diverses _villes _autour _du _monde , _et _gérés _par _des _modé rateurs , _de _proposer _des _informations _en _permettant _à _tout _un _chacun _de _publier _sa _propre _information _/ _analyse . _controverses . _en _@ _@ _@ _@ _, _les _sites _de _grenoble _et _de _paris , _pratiquant _le _cop wat ch ing , _sont _accusés _par _les _syndicats _de _policiers _d'être _des _après _la _publication _d'articles _qualifiant _les _policiers _français _d' _et _de _et _comparant _la _police _nationale _à _la _milice . _imre _k ertés z _imre _k ertés z _, _né _le _à _budapest _et _mort _le _dans _la _même _ville , _est _un _écrivain _hongrois , _survivant _des _camps _de _concentration . _il _est _lauréat _du _prix _nobel _de _littérature _en _@ _@ _@ _@ _ _.
_biographie . _imre _k ertés z _est _né _dans _une _famille _juive _modeste , _d'un _père _marchand _de _bois _et _d'une _mère _employée . _de _son _père , _il _dit _que _en _@ _@ _@ _@ _, _à _l'âge _de _@ _@ _ _ans , _il _est _déporté _à _aus ch witz , _puis _transféré _à _bu chen wald . _cette _expérience _douloureuse _nourrit _toute _son _œuvre , _intimement _liée _à _l'ex orc isation _de _ce _traumatisme . _l'édification _d'une _patrie _littéraire _constitue _le _refuge _d'un _être _qui _constate _l'absur dité _du _monde _car _on _lui _a _un _jour _.
_ses _ouvrages _ouvrent _une _réflexion _sur _les _conséquences _dévasta trices _du _totalitarisme _et _la _solitude _de _l'individu , _condamné _à _la _soumission _et _la _souffrance _silenc ieuse . _revenu _à _budapest _en _hongrie , _en _@ _@ _@ _@ _, _il _se _retrouve _seul , _son _père _est _mort _et _sa _belle mère _s'est _re mari ée . _il _adhère _au _parti _communiste , _dont _il _voit _vite _la _dimension _opp ressive _sur _les _consciences . _en _@ _@ _@ _@ _, _il _devient _journaliste . _mais _le _journal _dans _lequel _il _travaille _devient _l'organe _officiel _du _parti _communiste _en _@ _@ _@ _@ _, _et _k ertés z _est _licencié . _il _travaille _alors _quelque _temps _dans _une _usine , _puis _au _service _de _presse _du _ministère _de _l'industrie . _congé di é _à _nouveau _en _@ _@ _@ _@ _, _il _se _consacre _dès _lors _à _l'écriture _et _à _la _traduction . _la _découverte _de _l'étranger _d'albert _camus _lui _révèle , _à _, _sa _vocation . _la _philosophie _de _l'absur de _devient _un _modèle _fondateur _pour _son _œuvre . _à _partir _de _la _fin _des _années _@ _@ _@ _@ _ _et _tout _au _long _des _années _@ _@ _@ _@ _, _il _écrit _des _comédies _musicales _pour _gagner _sa _vie . _il _traduit _de _nombreux _auteurs _de _langue _allemande _comme _friedrich _nietzsche , _hugo _von _h of mann s thal , _arthur _sch n itz ler , _sigmund _freud , _joseph _roth , _ludwig _wit t g enstein _et _elias _can etti _qui _ont _une _influence _sur _sa _création _littéraire . _dans _les _années _@ _@ _@ _@ _, _il _commence _être _sans _destin , _récit _d'inspiration _autobiographique _qu'il _conçoit _comme _un _.
_ce _roman _sobre , _dist anci é _et _parfois _ironique _sur _la _vie _d'un _jeune _déporté _hongrois , _constitue _le _premier _opus _d'une _trilogie _sur _la _survie _en _camp _de _concentration . _il _évoque _notamment _le _point _de _vue _de _la _victime _dans _l'histoire _et _son _conditionnement _occasionnel , _voire _banal , _à _l'entreprise _de _dés hum anisation _menée _par _l'allemagne _nazie . _cette _acceptation _passive _et _ordinaire _de _l'univers _concentra tionnaire _se _distingue _du _témoignage _de _prim o _le vi _dans _si _c'est _un _homme . _l'ouvrage _ne _paraît _qu'en _@ _@ _@ _@ _, _avec _un _accueil _assez _modeste . _une _critique _littéraire , _eva _hal di mann , _du _journal _suisse _allemand _neu e _z ür cher _zeit ung , _remarque _cependant _le _récit _et _une _critique _est _publiée _le _, _ce _qui _va _contribuer _à _le _faire _connaître _en _europe _de _l'ouest . _imre _k ertés z _découvre _par _hasard _la _critique _dans _un _journal _abandonné _dans _une _piscine _de _budapest . _il _s'ensuit _une _correspondance _entre _la _critique _littéraire _et _l'auteur _entre _@ _@ _@ _@ _ _et _@ _@ _@ _@ _ _qui _sera _publiée , _en _@ _@ _@ _@ _, _sous _le _titre _: _brie fe _an _eva _hal di mann . _c'est _seulement _après _la _réédition _en _@ _@ _@ _@ _ _d'être _sans _destin _que _k ertés z _connaît _le _succès _dans _son _pays . _il _était _par _ailleurs _tenu _à _l'écart _par _le _régime _communiste . _il _obtient _en _@ _@ _@ _@ _ _le _prix _nobel _de _littérature , _« _pour _une _œuvre _qui _dresse _l'expérience _fragile _de _l'individu _contre _l'arbit raire _barbare _de _l'histoire _». _en _@ _@ _@ _@ _, _il _est _élu _membre _de _l'académie _des _arts _de _berlin _et _reçoit _en _@ _@ _@ _@ _ _la _croix _de _grand _officier _de _l'ordre _du _mérite _de _la _république _fédérale _d'allemagne _gro ß en _bundes ver diens tk reu z _mit _stern . _en _@ _@ _@ _@ _, _il _publie _sauvegarde , _autoport rait _d'un _homme _à _l'hiver _de _sa _vie , _vivant _simultanément _la _maladie _de _park inson , _la _réception _de _la _médaille _goethe _et _le _cancer _de _son _épouse . _k ertés z _y _circonscrit _réflexions _littéraires , _notes , _souvenirs _et _anecdo tes _sur _son _parcours , _notamment _sa _fuite _vers _l'allemagne _et _l'antisémitisme _dont _il _a _à _nouveau _fait _l'objet _en _hongrie _après _son _retour _des _camps . _son _épouse _mag da _est _décédée _le _.
_style . _l'esthétique _de _k ertés z _ressemble _à _celle _de _franz _kaf ka _et _d'autres _écrivains _de _la _mit te leur opa . _il _peut _également _être _rapproché _d'albert _camus _et _de _samuel _bec kett _tant _pour _ses _recherches _narratives _et _formelles _que _pour _le _thème _de _l'absur de _et _du _désespoir _qui _hant ent _son _œuvre . _son _expression _fonctionne _en _périodes _distinctes _et _joue _du _ress assement _et _de _l'ironie _mord ante , _parfois _cruelle , _mêlés _à _plusieurs _références _d'ordre _historique , _politique , _philosophique _et _artistique . _l'auteur _se _veut _un _sty liste _du _verbe _et _combine _témoignage _autobiographique , _dél ires , _ambiguïté , _considérations _universelles _et _dimension _analytique _du _langage , _héritée _de _la _tradition _littéraire _austro alle mande _dont _il _est _familier . _précise , _riche _en _métaph ores _et _sug ges tive , _son _écriture _est _marquée _par _le _goût _des _parenthèses _juxta posées _avec _un _aspect _très _plastique _de _la _phrase _au _profil _raffiné . _œuvres . _la _traduction _française _de _toutes _les _œuvres _d'im re _k ertés z _publiées _chez _actes _sud _est _de _charles _z are mba _et _nat alia _z are mb ahu z s vai . _interdit _un _interdit _est _une _condamnation _visant _à _ex clure . _voir _aussi _: _idéologie _une _idéologie _est _un _système _prédé fini _d'idées , _appelées _aussi _catégories , _à _partir _desquelles _la _réalité _est _analysée , _par _opposition _à _une _connaissance _intu itive _de _la _réalité _sensible _perçue . _de _tels _systèmes _considérés _comme _idéologiques _existent _dans _les _domaines _politique , _social , _économique , _culturel _et _religieux . _une _idéologie _est _souvent _la _dimension _culturelle _d'une _institution _sociale _ou _d'un _système _de _pouvoir . _une _idéologie _dominante _est _diffuse _et _omniprésent e , _mais _généralement _invisible _pour _celle _ou _celui _qui _la _partage , _du _fait _même _que _cette _idéologie _fonde _la _façon _de _voir _le _monde . _on _peut _distinguer _dans _une _idéologie _les _dimensions _: _à _l'origine , _le _terme _d'idé ologie _fut _créé _par _des tu tt _de _tra cy _pour _tenter _de _fonder _une _discipline _qui _étudie _les _idées _pour _ellesmêmes _la _mé métique , _si _ses _axiomes _sont _corre cts , _pourrait _être _une _branche _ou _dimension _de _cette _étude . _mais _ce _sens _s'est _perdu _en _faveur _de _la _notion _de _système _d'idées _doctr inaire . _le _terme _tend _à _prendre _un _sens _de _plus _en _plus _large , _et _est _parfois _employé _pour _sa _seule _connotation _péjorative _en _vue _de _dénig rer _une _école _de _pensée _adverse , _qu'elle _soit _ou _non _dogmatique . _origines . _étymologie . _du _grec _ancien _ ἰ δ έ α _idea , _« _idée _» , _et _de _λ ό γ ος _logos , _« _science , _discours _». _l'idéologie _est _donc , _étymologiquement , _un _discours _sur _les _idées . _en _grec _ancien , _le _nom _ ἰ δ έ α _apparenté _au _verbe _ ἰ δ ε ῖ ν , _« _voir _» , _suggère rait _plutôt _le _sens _d'« _image _». _l'idéologie _est _communément _interprétée _comme _: _terme . _logique _du _grec _ancien _: _λ ό γ ος _: _c'est _à _la _fois _le _discours _et _la _rhétorique _de _l'homme , _animal _politique _selon _aristote _; _grâce _à _la _parole _et _donc _à _la _rhétorique , _l'homme _n'est _plus _un _animal _comme _les _autres . _dans _l'idéologie , _il _s'agit _d'une _logique _par _les _mots , _d'un _discours , _c'estàdire _de _rhétorique _incluant _la _logique _fallac ieuse _; _depuis _la _logique _dépasse _le _langage _humain . _voir _langage , _logique _et _vérité _le _terme _d'idé ologie _apparaît _à _la _fin _du _: _il _fut _forgé _en _@ _@ _@ _@ _ _par _des tu tt _de _tra cy _mémoire _sur _la _faculté _de _penser , _pour _désigner _l'étude _des _idées , _de _leur _caractère , _de _leur _origine _et _de _leurs _lois , _ainsi _que _leurs _rapports _avec _les _signes _qui _les _expriment . _dans _la _continuation _des _lumières , _les _idé ologues , _groupe _animé _par _des tu tt _de _tra cy , _cab anis , _vol ney , _gar at , _da un ou , _voulaient _instaurer _une _science _des _idées . _leur _projet _était _de _traiter _les _idées _comme _des _phénomènes _naturels _exprimant _la _relation _de _l'homme _avec _son _milieu _naturel _de _vie . _dans _la _lignée _du _sensu alisme _de _cond illac , _qui _cherchait _déjà _l'origine _des _idées , _ils _voulaient _faire _une _analyse _scientifique _de _la _pensée . _l'idéologie _est _alors _considérée _comme _un _système _de _pensée _cohérent _et _naturel , _indépendant _de _son _cadre _historique . _cependant , _selon _georges _c ang uil h em , _ces _idé ologues _étaient _des _positiv istes _avant _la _lettre , _libéraux , _anti thé olog iens , _et _anti mé ta ph ysi ciens , _cherchant _à _dissi per _les _mythes _et _l'obscur antisme . _ils _ont _cru _en _bonaparte _comme _continuateur _de _la _révolution _française , _pour _devenir _an tin ap olé oniens . _et _c'est _napoléon _qui _a _renversé _leur _image , _au _nom _du _réalisme _politique _et _social , _en _les _dénonçant _euxmêmes _comme _des _métaphysi ciens _à _la _pensée _creuse . _cette _problématique _accompagne _tout _le _, _en _parallèle _au _déploiement _de _la _pensée _scientifique _et _à _la _révolution _industrielle . _ce _qui _guide _les _penseurs , _c'est _la _recherche _d'un _système _global _et _cohérent , _qui _s'articule _autour _de _l'application _des _lois _scientifiques _aux _phénomènes _sociaux . _dans _certains _cas , _la _polarisation _se _fait _entre _idéologie _scientifique _et _croyances _religieuses . _au _, _marx _propose _de _cesser _de _considérer _l'idéologie _comme _un _système _neutre _et _donne _un _éclairage _critique _au _concept _originel _de _l'idéologie _de _l'époque _: _il _voit _l'utilisation _de _l'idéologie _comme _un _système _d'opinions _servant _les _intérêts _de _classes _sociales _voir _analyse _marxiste . _il _reprend _le _concept _du _renversement _du _rapport _de _la _connaissance _à _la _chose . _l'idéologie _désigne _désormais _un _système _d'idées _issue _d'une _situation _qui _méconn aît _son _véritable _rapport _au _réel . _selon _georges _c ang uil h em _: « _la _fortune , _aujourd'hui , _de _la _notion _d'idé ologie _a _des _origines _non _doute uses . _elle _tient _à _la _vulgarisation _de _karl _marx . _idéologie _est _un _concept _épistém ologique _à _fonction _polémique , _appliqué _à _ces _systèmes _de _représentations _qui _s'expriment _dans _la _langue _de _la _politique , _de _la _religion _et _de _la _métaphysique . _ces _langues _se _donnent _pour _l'expression _de _ce _que _sont _les _choses _mêmes , _alors _qu'elles _sont _des _moyens _de _protection _et _de _défense _d'une _situation , _c'estàdire _d'un _système _de _rapports _des _hommes _entre _eux _et _des _hommes _aux _choses .» à _ce _propos , _c ang uil h em _pose _la _question _« _qu'estce _qu'une _idéologie _scientifique _?
